"id","target"
1,0
2,0
3,0
4,0
5,0
6,0
7,0
8,0
9,0
10,0
11,0
12,0
13,0
14,0
15,0
16,0
17,0
18,0
19,0
20,0
21,0
22,0
23,0
24,0
25,0
26,0
27,0
28,0
29,0
30,0
31,0
32,0
33,0
34,0
35,0
36,0
37,0
38,0
39,0
40,0
41,0
42,0
43,0
44,0
45,0
46,0
47,0
48,0
49,0
50,0
51,0
52,0
53,0
54,0
55,0
56,0
57,0
58,3.8
59,3.61
60,3.4295
61,3.258025
62,3.09512375
63,2.9403675625
64,2.793349184375
65,2.65368172515625
66,2.52099763889844
67,2.39494775695352
68,2.27520036910584
69,2.16144035065055
70,2.05336833311802
71,1.95069991646212
72,1.85316492063901
73,1.76050667460706
74,1.67248134087671
75,1.58885727383287
76,1.50941441014123
77,0.9
78,0.81
79,0.729
80,0.6561
81,0.59049
82,0
83,0
84,0
85,0
86,0
87,0
88,0
89,0
90,0
91,0
92,0
93,0
94,0
95,0
96,0
97,0
98,0
99,0
100,0
101,0
102,0
103,0
104,0
105,0
106,0
107,0
108,0
109,0
110,0
111,0
112,0
113,0
114,0
115,0.3
116,0
117,0
118,0
119,0
120,0
121,0
122,0
123,0
124,0
125,0
126,0
127,0
128,0
129,0
130,0
131,0
132,0
133,0
134,0.583333333333333
135,0.340277777777778
136,0.729
137,0.6561
138,0.59049
139,0
140,0
141,0
142,0
143,0
144,0
145,0
146,0
147,0
148,0
149,0
150,0
151,0
152,0
153,0
154,0
155,0
156,0
157,0
158,0
159,0
160,0
161,0
162,0
163,0
164,0
165,0
166,0
167,0
168,0
169,0
170,0
171,0
172,1.2
173,1.08
174,0.972
175,0.8748
176,0.78732
177,0.708588
178,0
179,0
180,0
181,0
182,0
183,0
184,0
185,0
186,0
187,0
188,0
189,0
190,0
191,4.75
192,4.5125
193,4.286875
194,4.07253125
195,3.8689046875
196,3.675459453125
197,3.49168648046875
198,3.31710215644531
199,3.15124704862305
200,2.99368469619189
201,2.8440004613823
202,2.70180043831318
203,1.60757126079634
204,1.36643557167689
205,1.16147023592536
206,0.987249700536555
207,0.839162245456072
208,0.713287908637661
209,0
210,0.6
211,0.54
212,0.486
213,0.4374
214,0.39366
215,0
216,0
217,0
218,0
219,0
220,0
221,0
222,0
223,0
224,0
225,0
226,0
227,0
228,0
229,0
230,0
231,0
232,0
233,0
234,0
235,0
236,0
237,0
238,0
239,0
240,0
241,0
242,0
243,0
244,0
245,0
246,0
247,0
248,0.9
249,0.81
250,0.729
251,0.6561
252,0.59049
253,0
254,0
255,0
256,0
257,0
258,0
259,0
260,0
261,0
262,0
263,0
264,0
265,0
266,0
267,0.3
268,0
269,0
270,0
271,0
272,0
273,0
274,0
275,0
276,0
277,0
278,0
279,0
280,0
281,0
282,0
283,0
284,0
285,0
286,0
287,0
288,0
289,0
290,0
291,0
292,0
293,0
294,0
295,0
296,0
297,0
298,0
299,0
300,0
301,0
302,0
303,0
304,0
305,0.3
306,0
307,0
308,0
309,0
310,0
311,0
312,0
313,0
314,0
315,0
316,0
317,0
318,0
319,0
320,0
321,0
322,0
323,0
324,0
325,0
326,0
327,0
328,0
329,0
330,0
331,0
332,0
333,0
334,0
335,0
336,0
337,0
338,0
339,0
340,0
341,0
342,0
343,0
344,0
345,0
346,0
347,0
348,0
349,0
350,0
351,0
352,0
353,0
354,0
355,0
356,0
357,0
358,0
359,0
360,0
361,0
362,0
363,0
364,0
365,0
366,0
367,0
368,0
369,0
370,0
371,0
372,0
373,0
374,0
375,0
376,0
377,0
378,0
379,0
380,0
381,0.6
382,0.54
383,0.486
384,0.4374
385,0.39366
386,0
387,0
388,0
389,0
390,0
391,0
392,0
393,0
394,0
395,0
396,0
397,0
398,0
399,0
400,0
401,0
402,0
403,0
404,0
405,0
406,0
407,0
408,0
409,0
410,0
411,0
412,0
413,0
414,0
415,0
416,0
417,0
418,0
419,0
420,0
421,0
422,0
423,0
424,0
425,0
426,0
427,0
428,0
429,0
430,0
431,0
432,0
433,0
434,0
435,0
436,0
437,0
438,0
439,0
440,0
441,0
442,0
443,0
444,0
445,0
446,0
447,0
448,0
449,0
450,0
451,0
452,0
453,0
454,0
455,0
456,0
457,2.4
458,2.16
459,1.944
460,1.7496
461,1.57464
462,1.417176
463,1.2754584
464,1.14791256
465,1.033121304
466,0.9298091736
467,0.83682825624
468,0.753145430616
469,0
470,0
471,0
472,0
473,0
474,0
475,0
476,2.1
477,1.89
478,1.701
479,1.5309
480,1.37781
481,1.240029
482,1.1160261
483,1.00442349
484,0.903981141
485,0.8135830269
486,0.73222472421
487,0
488,0
489,0
490,0
491,0
492,0
493,0
494,0
495,8.98260869565217
496,6.72393824826717
497,6.144
498,4.9152
499,5.32446375
500,4.5257941875
501,5.7395628
502,5.16560652
503,4.649045868
504,4.1841412812
505,3.76572715308
506,3.389154437772
507,3.0502389939948
508,3.20450341352648
509,2.91609810630909
510,2.65364927674127
511,2.41482084183456
512,2.19748696606945
513,1.9997131391232
514,198.9
515,190.944
516,184.26096
517,177.8118264
518,171.588412476
519,165.58281803934
520,159.787419407963
521,154.194859728684
522,148.79803963818
523,143.590108250844
524,138.564454462065
525,133.714698555892
526,123.017522671421
527,113.176120857707
528,100.160866959071
529,88.6423672587777
530,78.4484950240183
531,69.4269180962562
532,61.4428225151867
533,0
534,0
535,0
536,0
537,0
538,0
539,0
540,0
541,0
542,0
543,0
544,0
545,0
546,0
547,0
548,0
549,0
550,0
551,0
552,0
553,0
554,0
555,0
556,0
557,0
558,0
559,0
560,0
561,0
562,0
563,0
564,0
565,0
566,0
567,0
568,0
569,0
570,0
571,51.675
572,50.383125
573,49.123546875
574,47.895458203125
575,46.6980717480469
576,45.5306199543457
577,44.3923544554871
578,43.2825455940999
579,42.2004819542474
580,41.1454699053912
581,39.0881964101216
582,37.1337865896155
583,34.1630836624463
584,31.4300369694506
585,28.9156340118945
586,25.4457579304672
587,22.3922669788111
588,19.7051949413538
589,17.3405715483913
590,0
591,0
592,0
593,0
594,0
595,0
596,0
597,0
598,0
599,0
600,0
601,0
602,0
603,0
604,0
605,0
606,0
607,0
608,0
609,0.3
610,0
611,0
612,0
613,0
614,0
615,0
616,0
617,0
618,0
619,0
620,0
621,0
622,0
623,0
624,0
625,0
626,0
627,0
628,6.33333333333333
629,6.01666666666667
630,5.71583333333333
631,5.43004166666667
632,5.15853958333333
633,4.90061260416667
634,4.65558197395833
635,4.42280287526042
636,4.20166273149739
637,3.99157959492253
638,3.7920006151764
639,3.60240058441758
640,2.14342834772846
641,1.82191409556919
642,1.54862698123381
643,1.31633293404874
644,1.11888299394143
645,0.951050544850215
646,0.808392963122682
647,4.5
648,4.05
649,3.645
650,3.2805
651,2.2185265625
652,1.885747578125
653,2.3914845
654,2.15233605
655,1.937102445
656,1.7433922005
657,1.56905298045
658,1.412147682405
659,1.2709329141645
660,1.14383962274805
661,1.02945566047325
662,0.926510094425921
663,0.833859084983329
664,0.750473176484996
665,0
666,0
667,0
668,0
669,0
670,0
671,0
672,0
673,0
674,0
675,0
676,0
677,0
678,0
679,0
680,0
681,0
682,0
683,0
684,0
685,10.0822010869565
686,6.77671858385515
687,7.68
688,6.144
689,6.6555796875
690,5.657242734375
691,7.1744535
692,6.45700815
693,5.811307335
694,5.2301766015
695,4.70715894135
696,4.236443047215
697,2.52068361309293
698,2.14258107112899
699,1.82119391045964
700,1.54801482389069
701,1.31581260030709
702,1.11844071026103
703,0.950674603721872
704,239.124034978913
705,265.1575
706,263.8317125
707,262.5125539375
708,261.199991167813
709,259.893991211973
710,258.594521255914
711,228.856151311484
712,202.537693910663
713,179.245859110937
714,158.632585313179
715,133.25137166307
716,111.931152196979
717,94.0221678454624
718,81.7992860255523
719,71.1653788422305
720,61.9138795927405
721,53.8650752456843
722,46.8626154637453
723,3.60989010989011
724,2.17188443424707
725,3.072
726,2.4576
727,2.662231875
728,2.26289709375
729,2.8697814
730,2.58280326
731,2.324522934
732,2.0920706406
733,1.88286357654
734,1.694577218886
735,1.5251194969974
736,1.60225170676324
737,1.45804905315455
738,1.32682463837064
739,1.20741042091728
740,1.09874348303472
741,0.9998565695616
742,1.18666666666667
743,0.704088888888889
744,1.024
745,0.8192
746,0.887410625
747,0.75429903125
748,0.9565938
749,0.86093442
750,0.774840978
751,0
752,0
753,0
754,0
755,0
756,0
757,0
758,0
759,0
760,0
761,102.777850565854
762,77.0833879243905
763,57.8125409432929
764,46.2500327546343
765,37.0000262037075
766,29.600020962966
767,27.2320192859287
768,25.0534577430544
769,24.0513194333322
770,23.0892666559989
771,22.165695989759
772,21.2790681501686
773,19.1511613351518
774,17.2360452016366
775,15.1677197774402
776,13.3475934041474
777,11.7458821956497
778,10.3363763321717
779,9.09601117231111
780,6.01666666666667
781,5.71583333333333
782,5.43004166666667
783,5.15853958333333
784,4.90061260416667
785,4.65558197395833
786,4.42280287526042
787,4.2016627314974
788,3.99157959492253
789,3.7920006151764
790,3.60240058441758
791,3.4222805551967
792,2.03625693034204
793,1.73081839079073
794,1.47119563217212
795,1.2505162873463
796,1.06293884424436
797,0.903498017607704
798,0.767973314966548
799,9.7886287625418
800,7.98477108757173
801,6.5133299941764
802,5.31304744341011
803,5.32446375
804,4.5257941875
805,5.7395628
806,5.16560652
807,4.649045868
808,4.1841412812
809,3.76572715308
810,3.389154437772
811,3.0502389939948
812,3.20450341352648
813,2.91609810630909
814,2.65364927674127
815,2.41482084183456
816,2.19748696606945
817,1.9997131391232
818,138.682858607078
819,89.4789295030188
820,60.8456720620528
821,41.3750570021959
822,29.790041041581
823,21.4488295499383
824,15.4431572759556
825,11.119073238688
826,8.00573273185539
827,5.76412756693588
828,4.15017184819383
829,2.98812373069956
830,2.15144908610368
831,1.54904334199465
832,1.11531120623615
833,0.803024068490027
834,0
835,0
836,0
837,2.84
838,2.0164
839,2.048
840,1.6384
841,1.77482125
842,1.5085980625
843,1.9131876
844,1.72186884
845,1.549681956
846,1.3947137604
847,1.25524238436
848,1.129718145924
849,1.0167463313316
850,1.06816780450882
851,0.972032702103031
852,0.884549758913758
853,0.80494028061152
854,0.732495655356483
855,0
856,2.7
857,2.43
858,2.187
859,1.9683
860,1.77147
861,1.594323
862,1.4348907
863,1.29140163
864,1.162261467
865,1.0460353203
866,0.941431788270001
867,0.847288609443001
868,0.762559748498701
869,0
870,0
871,0
872,0
873,0
874,0
875,0
876,0
877,0
878,0
879,0
880,0
881,0
882,0
883,0
884,0
885,0
886,0
887,0
888,0
889,0
890,0
891,0
892,0
893,0
894,25.92
895,18.6624
896,13.810176
897,10.21953024
898,7.5624523776
899,5.596214759424
900,4.14119892197376
901,3.06448720226058
902,2.26772052967283
903,1.67811319195789
904,1.24180376204884
905,0.918934783916143
906,0
907,0
908,0
909,0
910,0
911,0
912,0
913,0
914,0
915,0
916,0
917,0
918,0
919,0
920,0
921,0
922,0
923,0
924,0
925,0
926,0
927,0
928,0
929,0
930,0
931,0
932,13.5
933,12.15
934,10.935
935,9.8415
936,6.6555796875
937,5.657242734375
938,7.1744535
939,6.45700815
940,5.811307335
941,5.2301766015
942,4.70715894135
943,4.236443047215
944,2.52068361309293
945,2.14258107112899
946,1.82119391045964
947,1.54801482389069
948,1.31581260030709
949,1.11844071026103
950,0.950674603721872
951,3
952,2.7
953,2.43
954,2.187
955,1.9683
956,1.77147
957,1.594323
958,1.4348907
959,1.29140163
960,1.162261467
961,1.0460353203
962,0.941431788270001
963,0.847288609443001
964,0.7625597484987
965,0
966,0
967,0
968,0
969,0
970,0
971,0
972,0
973,0
974,0
975,0
976,0
977,0
978,0
979,0
980,0
981,0
982,0
983,0
984,0
985,0
986,0
987,0
988,0
989,0
990,0
991,0
992,0
993,0
994,0
995,0
996,0
997,0
998,0
999,0
1000,0
1001,0
1002,0
1003,0
1004,0
1005,0
1006,0
1007,0
1008,0
1009,0
1010,0
1011,0
1012,0
1013,0
1014,0
1015,0
1016,0
1017,0
1018,0
1019,0
1020,0
1021,0
1022,0
1023,0
1024,0
1025,0
1026,0
1027,0.3
1028,0
1029,0
1030,0
1031,0
1032,0
1033,0
1034,0
1035,0
1036,0
1037,0
1038,0
1039,0
1040,0
1041,0
1042,0
1043,0
1044,0
1045,0
1046,1.2
1047,1.08
1048,0.972
1049,0.8748
1050,0.78732
1051,0.708588
1052,0
1053,0
1054,0
1055,0
1056,0
1057,0
1058,0
1059,0
1060,0
1061,0
1062,0
1063,0
1064,0
1065,5.535
1066,3.404025
1067,4.608
1068,3.6864
1069,3.9933478125
1070,3.394345640625
1071,4.3046721
1072,3.87420489
1073,3.486784401
1074,3.1381059609
1075,2.82429536481
1076,2.541865828329
1077,2.2876792454961
1078,2.40337756014486
1079,2.18707357973182
1080,1.99023695755596
1081,1.81111563137592
1082,1.64811522455209
1083,1.4997848543424
1084,3.82375
1085,2.0887234375
1086,3.584
1087,2.8672
1088,3.1059371875
1089,2.640046609375
1090,3.3480783
1091,3.01327047
1092,2.711943423
1093,2.4407490807
1094,2.19667417263
1095,1.977006755367
1096,1.7793060798303
1097,1.86929365789044
1098,1.7010572286803
1099,1.54796207809908
1100,1.40864549107016
1101,1.28186739687385
1102,1.1664993311552
1103,0
1104,0
1105,0
1106,0
1107,0
1108,0
1109,0
1110,0
1111,0
1112,0
1113,0
1114,0
1115,0
1116,0
1117,0
1118,0
1119,0
1120,0
1121,0
1122,0
1123,0
1124,0
1125,0
1126,0
1127,0
1128,0
1129,0
1130,0
1131,0
1132,0
1133,0
1134,0
1135,0
1136,0
1137,0
1138,0
1139,0
1140,0
1141,18
1142,14.4
1143,12.24
1144,10.404
1145,9.3636
1146,8.42724
1147,7.584516
1148,6.8260644
1149,6.14345796
1150,5.529112164
1151,4.9762009476
1152,4.47858085284
1153,3.806793724914
1154,3.2357746661769
1155,2.75040846625036
1156,2.33784719631281
1157,1.98717011686589
1158,1.68909459933601
1159,1.4357304094356
1160,1.5
1161,1.35
1162,1.215
1163,1.0935
1164,0.98415
1165,0.885735
1166,0.7971615
1167,0.71744535
1168,0
1169,0
1170,0
1171,0
1172,0
1173,0
1174,0
1175,0
1176,0
1177,0
1178,0
1179,0
1180,0
1181,0
1182,0
1183,0
1184,0
1185,0
1186,0
1187,0
1188,0
1189,0
1190,0
1191,0
1192,0
1193,0
1194,0
1195,0
1196,0
1197,0
1198,3.6
1199,3.24
1200,2.916
1201,2.6244
1202,1.77482125
1203,1.5085980625
1204,1.9131876
1205,1.72186884
1206,1.549681956
1207,1.3947137604
1208,1.25524238436
1209,1.129718145924
1210,1.0167463313316
1211,0.915071698198441
1212,0.823564528378597
1213,0.741208075540737
1214,0
1215,0
1216,0
1217,0.3
1218,0
1219,0
1220,0
1221,0
1222,0
1223,0
1224,0
1225,0
1226,0
1227,0
1228,0
1229,0
1230,0
1231,0
1232,0
1233,0
1234,0
1235,0
1236,0
1237,0
1238,0
1239,0
1240,0
1241,0
1242,0
1243,0
1244,0
1245,0
1246,0
1247,0
1248,0
1249,0
1250,0
1251,0
1252,0
1253,0
1254,0
1255,0.3
1256,0
1257,0
1258,0
1259,0
1260,0
1261,0
1262,0
1263,0
1264,0
1265,0
1266,0
1267,0
1268,0
1269,0
1270,0
1271,0
1272,0
1273,0
1274,4.11
1275,2.81535
1276,3.072
1277,2.4576
1278,2.662231875
1279,2.26289709375
1280,2.8697814
1281,2.58280326
1282,2.324522934
1283,2.0920706406
1284,1.88286357654
1285,1.694577218886
1286,1.5251194969974
1287,1.60225170676324
1288,1.45804905315455
1289,1.32682463837064
1290,1.20741042091728
1291,1.09874348303472
1292,0.9998565695616
1293,2.4
1294,2.16
1295,1.944
1296,1.7496
1297,1.57464
1298,1.417176
1299,1.2754584
1300,1.14791256
1301,1.033121304
1302,0.9298091736
1303,0.83682825624
1304,0.753145430616
1305,0
1306,0
1307,0
1308,0
1309,0
1310,0
1311,0
1312,0.9
1313,0.81
1314,0.729
1315,0.6561
1316,0.59049
1317,0
1318,0
1319,0
1320,0
1321,0
1322,0
1323,0
1324,0
1325,0
1326,0
1327,0
1328,0
1329,0
1330,0
1331,0
1332,0
1333,0
1334,0
1335,0
1336,0
1337,0
1338,0
1339,0
1340,0
1341,0
1342,0
1343,0
1344,0
1345,0
1346,0
1347,0
1348,0
1349,0
1350,0.346428571428571
1351,0
1352,0.512
1353,0.4096
1354,0.4437053125
1355,0
1356,0
1357,0
1358,0
1359,0
1360,0
1361,0
1362,0
1363,0
1364,0
1365,0
1366,0
1367,0
1368,0
1369,0
1370,0
1371,0
1372,0
1373,0
1374,0
1375,0
1376,0
1377,0
1378,0
1379,0
1380,0
1381,0
1382,0
1383,0
1384,0
1385,0
1386,0
1387,0
1388,0.791666666666667
1389,0.626736111111111
1390,0.729
1391,0.6561
1392,0.59049
1393,0
1394,0
1395,0
1396,0
1397,0
1398,0
1399,0
1400,0
1401,0
1402,0
1403,0
1404,0
1405,0
1406,0
1407,0
1408,0
1409,0
1410,0
1411,0
1412,0
1413,0
1414,0
1415,0
1416,0
1417,0
1418,0
1419,0
1420,0
1421,0
1422,0
1423,0
1424,0
1425,0
1426,1.41666666666667
1427,1.00347222222222
1428,1.458
1429,1.3122
1430,1.18098
1431,1.062882
1432,0.9565938
1433,0.86093442
1434,0.774840978
1435,0
1436,0
1437,0
1438,0
1439,0
1440,0
1441,0
1442,0
1443,0
1444,0
1445,2.1
1446,1.89
1447,1.701
1448,1.5309
1449,1.37781
1450,1.240029
1451,1.1160261
1452,1.00442349
1453,0.903981141
1454,0.8135830269
1455,0.73222472421
1456,0
1457,0
1458,0
1459,0
1460,0
1461,0
1462,0
1463,0
1464,0
1465,0
1466,0
1467,0
1468,0
1469,0
1470,0
1471,0
1472,0
1473,0
1474,0
1475,0
1476,0
1477,0
1478,0
1479,0
1480,0
1481,0
1482,0
1483,0
1484,0
1485,0
1486,0
1487,0
1488,0
1489,0
1490,0
1491,0
1492,0
1493,0
1494,0
1495,0
1496,0
1497,0
1498,0
1499,0
1500,0
1501,0
1502,0
1503,0
1504,0
1505,0
1506,0
1507,0
1508,0
1509,0
1510,0
1511,0
1512,0
1513,0
1514,0
1515,0
1516,0
1517,0
1518,0
1519,0
1520,0
1521,0.6
1522,0.54
1523,0.486
1524,0.4374
1525,0.39366
1526,0
1527,0
1528,0
1529,0
1530,0
1531,0
1532,0
1533,0
1534,0
1535,0
1536,0
1537,0
1538,0
1539,0
1540,0
1541,0
1542,0
1543,0
1544,0
1545,0
1546,0
1547,0
1548,0
1549,0
1550,0
1551,0
1552,0
1553,0
1554,0
1555,0
1556,0
1557,0
1558,0
1559,16.15
1560,15.3425
1561,14.575375
1562,13.84660625
1563,13.1542759375
1564,12.496562140625
1565,11.8717340335938
1566,11.2781473319141
1567,10.7142399653184
1568,10.1785279670524
1569,9.66960156869982
1570,9.18612149026483
1571,5.46574228670757
1572,4.64588094370144
1573,3.94899880214622
1574,3.35664898182429
1575,2.85315163455064
1576,2.42517888936805
1577,2.06140205596284
1578,3.6
1579,3.24
1580,2.916
1581,2.6244
1582,2.36196
1583,2.125764
1584,1.9131876
1585,1.72186884
1586,1.549681956
1587,1.3947137604
1588,1.25524238436
1589,1.129718145924
1590,1.0167463313316
1591,0.915071698198441
1592,0.823564528378597
1593,0.741208075540737
1594,0
1595,0
1596,0
1597,0
1598,0
1599,0
1600,0
1601,0
1602,0
1603,0
1604,0
1605,0
1606,0
1607,0
1608,0
1609,0
1610,0
1611,0
1612,0
1613,0
1614,0
1615,0
1616,0
1617,0
1618,0
1619,0
1620,0
1621,0
1622,0
1623,0
1624,0
1625,0
1626,0
1627,0
1628,0
1629,0
1630,0
1631,0
1632,0
1633,0
1634,0
1635,5
1636,4.16666666666667
1637,3.47222222222222
1638,2.89351851851852
1639,2.662231875
1640,2.26289709375
1641,2.8697814
1642,2.58280326
1643,2.324522934
1644,2.0920706406
1645,1.88286357654
1646,1.694577218886
1647,1.00827344523717
1648,0.857032428451595
1649,0.728477564183856
1650,0
1651,0
1652,0
1653,0
1654,0
1655,0
1656,0
1657,0
1658,0
1659,0
1660,0
1661,0
1662,0
1663,0
1664,0
1665,0
1666,0
1667,0
1668,0
1669,0
1670,0
1671,0
1672,0
1673,1.2
1674,1.08
1675,0.972
1676,0.8748
1677,0.78732
1678,0.708588
1679,0
1680,0
1681,0
1682,0
1683,0
1684,0
1685,0
1686,0
1687,0
1688,0
1689,0
1690,0
1691,0
1692,5.4
1693,4.86
1694,4.374
1695,3.9366
1696,2.662231875
1697,2.26289709375
1698,2.8697814
1699,2.58280326
1700,2.324522934
1701,2.0920706406
1702,1.88286357654
1703,1.694577218886
1704,1.5251194969974
1705,1.37260754729766
1706,1.23534679256789
1707,1.11181211331111
1708,1.00063090197999
1709,0.900567811781995
1710,0.810511030603796
1711,0
1712,0
1713,0
1714,0
1715,0
1716,0
1717,0
1718,0
1719,0
1720,0
1721,0
1722,0
1723,0
1724,0
1725,0
1726,0
1727,0
1728,0
1729,0
1730,0
1731,0
1732,0
1733,0
1734,0
1735,0
1736,0
1737,0
1738,0
1739,0
1740,0
1741,0
1742,0
1743,0
1744,0
1745,0
1746,0
1747,0
1748,0
1749,0.9
1750,0.81
1751,0.729
1752,0.6561
1753,0.59049
1754,0
1755,0
1756,0
1757,0
1758,0
1759,0
1760,0
1761,0
1762,0
1763,0
1764,0
1765,0
1766,0
1767,0
1768,1.5
1769,1.35
1770,1.215
1771,1.0935
1772,0.98415
1773,0.885735
1774,0.7971615
1775,0.71744535
1776,0
1777,0
1778,0
1779,0
1780,0
1781,0
1782,0
1783,0
1784,0
1785,0
1786,0
1787,0
1788,0
1789,0
1790,0
1791,0
1792,0
1793,0
1794,0
1795,0
1796,0
1797,0
1798,0
1799,0
1800,0
1801,0
1802,0
1803,0
1804,0
1805,0
1806,0
1807,0
1808,0
1809,0
1810,0
1811,0
1812,0
1813,0
1814,0
1815,0
1816,0
1817,0
1818,0
1819,0
1820,0
1821,0
1822,0
1823,0
1824,0
1825,0
1826,0
1827,0
1828,0
1829,0
1830,0
1831,0
1832,0
1833,0
1834,0
1835,0
1836,0
1837,0
1838,0
1839,0
1840,0
1841,0
1842,0
1843,0
1844,0.6
1845,0.54
1846,0.486
1847,0.4374
1848,0.39366
1849,0
1850,0
1851,0
1852,0
1853,0
1854,0
1855,0
1856,0
1857,0
1858,0
1859,0
1860,0
1861,0
1862,0
1863,0
1864,0
1865,0
1866,0
1867,0
1868,0
1869,0
1870,0
1871,0
1872,0
1873,0
1874,0
1875,0
1876,0
1877,0
1878,0
1879,0
1880,0
1881,0
1882,0
1883,0
1884,0
1885,0
1886,0
1887,0
1888,0
1889,0
1890,0
1891,0
1892,0
1893,0
1894,0
1895,0
1896,0
1897,0
1898,0
1899,0
1900,0
1901,0
1902,0
1903,0
1904,0
1905,0
1906,0
1907,0
1908,0
1909,0
1910,0
1911,0
1912,0
1913,0
1914,0
1915,0
1916,0
1917,0
1918,0
1919,0
1920,0
1921,0
1922,0
1923,0
1924,0
1925,0
1926,0
1927,0
1928,0
1929,0
1930,0
1931,0
1932,0
1933,0
1934,0
1935,0
1936,0
1937,0
1938,0
1939,0
1940,0
1941,0
1942,0
1943,0
1944,0
1945,0
1946,0
1947,0
1948,0
1949,0
1950,0
1951,0
1952,0
1953,0
1954,0
1955,0
1956,0
1957,0
1958,0
1959,0
1960,0
1961,0
1962,0
1963,0
1964,0
1965,0
1966,0
1967,0
1968,0
1969,0
1970,0
1971,0
1972,0
1973,0
1974,0
1975,0
1976,0
1977,0
1978,0
1979,0
1980,0
1981,0
1982,0
1983,0
1984,0
1985,0
1986,0
1987,0
1988,0
1989,0
1990,0
1991,0
1992,0
1993,0
1994,0
1995,0
1996,0
1997,0
1998,0
1999,0
2000,0
2001,0
2002,0
2003,0
2004,0
2005,0
2006,0
2007,0
2008,0
2009,0
2010,0
2011,0
2012,0
2013,0
2014,0
2015,0.9
2016,0.81
2017,0.729
2018,0.6561
2019,0.59049
2020,0
2021,0
2022,0
2023,0
2024,0
2025,0
2026,0
2027,0
2028,0
2029,0
2030,0
2031,0
2032,0
2033,0
2034,4.58333333333333
2035,4.20138888888889
2036,3.85127314814815
2037,3.5303337191358
2038,3.23613924254115
2039,2.96646097232939
2040,2.71925589130194
2041,2.49265123369345
2042,2.28493029755233
2043,2.09451943942297
2044,1.91997615280439
2045,1.75997814007069
2046,1.6133132950648
2047,1.47887052047606
2048,1.35563131043639
2049,1.24266203456669
2050,1.13910686501947
2051,1.04418129293451
2052,0.95716618518997
2053,0
2054,0
2055,0
2056,0
2057,0
2058,0
2059,0
2060,0
2061,0
2062,0
2063,0
2064,0
2065,0
2066,0
2067,0
2068,0
2069,0
2070,0
2071,0
2072,0
2073,0
2074,0
2075,0
2076,0
2077,0
2078,0
2079,0
2080,0
2081,0
2082,0
2083,0
2084,0
2085,0
2086,0
2087,0
2088,0
2089,0
2090,0
2091,2.1
2092,1.89
2093,1.701
2094,1.5309
2095,1.37781
2096,1.240029
2097,1.1160261
2098,1.00442349
2099,0.903981141
2100,0.8135830269
2101,0.73222472421
2102,0
2103,0
2104,0
2105,0
2106,0
2107,0
2108,0
2109,0
2110,0
2111,0
2112,0
2113,0
2114,0
2115,0
2116,0
2117,0
2118,0
2119,0
2120,0
2121,0
2122,0
2123,0
2124,0
2125,0
2126,0
2127,0
2128,0
2129,1.8
2130,1.62
2131,1.458
2132,1.3122
2133,1.18098
2134,1.062882
2135,0.9565938
2136,0.86093442
2137,0.774840978
2138,0
2139,0
2140,0
2141,0
2142,0
2143,0
2144,0
2145,0
2146,0
2147,0
2148,8.86666666666667
2149,8.42333333333333
2150,8.00216666666666
2151,7.60205833333333
2152,7.22195541666667
2153,6.86085764583333
2154,6.51781476354167
2155,6.19192402536458
2156,5.88232782409635
2157,5.58821143289154
2158,5.30880086124696
2159,5.04336081818461
2160,3.00079968681984
2161,2.55067973379687
2162,2.16807777372734
2163,1.84286610766824
2164,1.566436191518
2165,1.3314707627903
2166,1.13175014837176
2167,0
2168,0
2169,0
2170,0
2171,0
2172,0
2173,0
2174,0
2175,0
2176,0
2177,0
2178,0
2179,0
2180,0
2181,0
2182,0
2183,0
2184,0
2185,0
2186,0
2187,0
2188,0
2189,0
2190,0
2191,0
2192,0
2193,0
2194,0
2195,0
2196,0
2197,0
2198,0
2199,0
2200,0
2201,0
2202,0
2203,0
2204,0
2205,0
2206,0
2207,0
2208,0
2209,0
2210,0
2211,0
2212,0
2213,0
2214,0
2215,0
2216,0
2217,0
2218,0
2219,0
2220,0
2221,0
2222,0
2223,0
2224,2.7
2225,2.43
2226,2.187
2227,1.9683
2228,1.77147
2229,1.594323
2230,1.4348907
2231,1.29140163
2232,1.162261467
2233,1.0460353203
2234,0.941431788270001
2235,0.847288609443001
2236,0.762559748498701
2237,0
2238,0
2239,0
2240,0
2241,0
2242,0
2243,0
2244,0
2245,0
2246,0
2247,0
2248,0
2249,0
2250,0
2251,0
2252,0
2253,0
2254,0
2255,0
2256,0
2257,0
2258,0
2259,0
2260,0
2261,0
2262,0
2263,0
2264,0
2265,0
2266,0
2267,0
2268,0
2269,0
2270,0
2271,0
2272,0
2273,0
2274,0
2275,0
2276,0
2277,0
2278,0
2279,0
2280,0
2281,0
2282,0
2283,0
2284,0
2285,0
2286,0
2287,0
2288,0
2289,0
2290,0
2291,0
2292,0
2293,0
2294,0
2295,0
2296,0
2297,0
2298,0
2299,0
2300,0
2301,0
2302,0
2303,0
2304,0
2305,0
2306,0
2307,0
2308,0
2309,0
2310,0
2311,0
2312,0
2313,0
2314,0
2315,0
2316,0
2317,0
2318,0
2319,0
2320,0
2321,0
2322,0
2323,0
2324,0
2325,0
2326,0
2327,0
2328,0
2329,0
2330,0
2331,0
2332,0
2333,0
2334,0
2335,0
2336,0
2337,0
2338,0
2339,0
2340,0
2341,0
2342,0
2343,0
2344,0
2345,0
2346,0
2347,0
2348,0
2349,0
2350,0
2351,0
2352,0
2353,0
2354,0
2355,0
2356,0
2357,0
2358,0
2359,0
2360,0
2361,0
2362,0
2363,0
2364,0
2365,0
2366,0
2367,0
2368,0
2369,0
2370,0
2371,0
2372,0
2373,0
2374,0
2375,0
2376,0
2377,0
2378,0
2379,0
2380,0
2381,0
2382,0
2383,0
2384,0
2385,0
2386,0
2387,0
2388,0
2389,0
2390,0
2391,0
2392,0
2393,0
2394,0
2395,1.2
2396,1.08
2397,0.972
2398,0.8748
2399,0.78732
2400,0.708588
2401,0
2402,0
2403,0
2404,0
2405,0
2406,0
2407,0
2408,0
2409,0
2410,0
2411,0
2412,0
2413,0
2414,0
2415,0
2416,0
2417,0
2418,0
2419,0
2420,0
2421,0
2422,0
2423,0
2424,0
2425,0
2426,0
2427,0
2428,0
2429,0
2430,0
2431,0
2432,0
2433,1.5
2434,1.35
2435,1.215
2436,1.0935
2437,0.98415
2438,0.885735
2439,0.7971615
2440,0.71744535
2441,0
2442,0
2443,0
2444,0
2445,0
2446,0
2447,0
2448,0
2449,0
2450,0
2451,0
2452,5.4
2453,4.86
2454,4.374
2455,3.9366
2456,2.662231875
2457,2.26289709375
2458,2.8697814
2459,2.58280326
2460,2.324522934
2461,2.0920706406
2462,1.88286357654
2463,1.694577218886
2464,1.5251194969974
2465,1.37260754729766
2466,1.23534679256789
2467,1.11181211331111
2468,1.00063090197999
2469,0.900567811781995
2470,0.810511030603796
2471,164.25
2472,139.6125
2473,125.65125
2474,113.086125
2475,105.17009625
2476,97.8081895125
2477,91.93969814175
2478,86.423316253245
2479,81.2379172780503
2480,76.3636422413673
2481,71.7818237068852
2482,67.4749142844721
2483,63.4264194274038
2484,59.6208342617596
2485,56.043584206054
2486,52.6809691536907
2487,49.5201110044693
2488,46.5489043442011
2489,43.7559700835491
2490,24.8
2491,22.32
2492,20.088
2493,18.0792
2494,16.813656
2495,15.63670008
2496,14.5421310744
2497,13.524181899192
2498,12.5774891662486
2499,11.6970649246112
2500,10.8782703798884
2501,10.1167914532962
2502,6.01949091471124
2503,5.11656727750455
2504,4.34908218587887
2505,3.69671985799704
2506,3.14221187929748
2507,2.67088009740286
2508,2.27024808279243
2509,0
2510,0
2511,0
2512,0
2513,0
2514,0
2515,0
2516,0
2517,0
2518,0
2519,0
2520,0
2521,0
2522,0
2523,0
2524,0
2525,0
2526,0
2527,0
2528,0
2529,0
2530,0
2531,0
2532,0
2533,0
2534,0
2535,0
2536,0
2537,0
2538,0
2539,0
2540,0
2541,0
2542,0
2543,0
2544,0
2545,0
2546,0
2547,1.20975609756098
2548,0.36587745389649
2549,2.048
2550,1.6384
2551,1.77482125
2552,1.5085980625
2553,1.9131876
2554,1.72186884
2555,1.549681956
2556,1.3947137604
2557,1.25524238436
2558,1.129718145924
2559,1.0167463313316
2560,1.06816780450882
2561,0.972032702103031
2562,0.884549758913758
2563,0.80494028061152
2564,0.732495655356483
2565,0
2566,4.5
2567,4.05
2568,3.645
2569,3.2805
2570,2.2185265625
2571,1.885747578125
2572,2.3914845
2573,2.15233605
2574,1.937102445
2575,1.7433922005
2576,1.56905298045
2577,1.412147682405
2578,1.2709329141645
2579,1.14383962274805
2580,1.02945566047325
2581,0.926510094425921
2582,0.833859084983329
2583,0.750473176484996
2584,0
2585,4.65
2586,3.60375
2587,3.072
2588,2.4576
2589,2.662231875
2590,2.26289709375
2591,2.8697814
2592,2.58280326
2593,2.324522934
2594,2.0920706406
2595,1.88286357654
2596,1.694577218886
2597,1.5251194969974
2598,1.60225170676324
2599,1.45804905315455
2600,1.32682463837064
2601,1.20741042091728
2602,1.09874348303472
2603,0.9998565695616
2604,207.36
2605,200.1024
2606,193.098816
2607,186.34035744
2608,179.8184449296
2609,173.524799357064
2610,167.451431379567
2611,161.590631281282
2612,151.895193404405
2613,136.705674063964
2614,123.035106657568
2615,110.731595991811
2616,94.1218565930395
2617,80.0035781040836
2618,66.4029698263894
2619,55.1144649559032
2620,45.7450059133996
2621,37.9683549081217
2622,31.513734573741
2623,5.6
2624,3.92
2625,4.096
2626,3.2768
2627,3.5496425
2628,3.017196125
2629,3.8263752
2630,3.44373768
2631,3.099363912
2632,2.7894275208
2633,2.51048476872
2634,2.259436291848
2635,2.0334926626632
2636,2.13633560901765
2637,1.94406540420606
2638,1.76909951782752
2639,1.60988056122304
2640,1.46499131071297
2641,1.3331420927488
2642,0.44
2643,0
2644,0.512
2645,0.4096
2646,0.4437053125
2647,0
2648,0
2649,0
2650,0
2651,0
2652,0
2653,0
2654,0
2655,0
2656,0
2657,0
2658,0
2659,0
2660,0
2661,73.5986189431913
2662,55.1989642073935
2663,41.3992231555451
2664,33.1193785244361
2665,26.4955028195489
2666,21.7263123120301
2667,17.8155760958647
2668,14.608772398609
2669,11.9791933668594
2670,9.8229385608247
2671,8.05480961987626
2672,6.60494388829853
2673,5.61420230505375
2674,4.77207195929569
2675,4.05626116540134
2676,3.44782199059114
2677,2.93064869200246
2678,2.4910513882021
2679,2.11739367997178
2680,2.36
2681,1.3924
2682,2.048
2683,1.6384
2684,1.77482125
2685,1.5085980625
2686,1.9131876
2687,1.72186884
2688,1.549681956
2689,1.3947137604
2690,1.25524238436
2691,1.129718145924
2692,0
2693,0
2694,0
2695,0
2696,0
2697,0
2698,0
2699,3.645
2700,2.2143375
2701,3.072
2702,2.4576
2703,2.662231875
2704,2.26289709375
2705,2.8697814
2706,2.58280326
2707,2.324522934
2708,2.0920706406
2709,1.88286357654
2710,1.694577218886
2711,1.5251194969974
2712,1.60225170676324
2713,1.45804905315455
2714,1.32682463837064
2715,1.20741042091728
2716,1.09874348303472
2717,0.9998565695616
2718,88.5616272872624
2719,54.9082089181027
2720,34.0430895292237
2721,21.1067155081187
2722,11.6086935294653
2723,6.3847814412059
2724,3.51162979266324
2725,1.93139638596478
2726,1.06226801228063
2727,0
2728,0
2729,0
2730,0
2731,0
2732,0
2733,0
2734,0
2735,0
2736,0
2737,2.01
2738,1.3467
2739,1.536
2740,1.2288
2741,1.3311159375
2742,1.131448546875
2743,1.4348907
2744,1.29140163
2745,1.162261467
2746,1.0460353203
2747,0.941431788270001
2748,0.847288609443001
2749,0.762559748498701
2750,0
2751,0
2752,0
2753,0
2754,0
2755,0
2756,0.9
2757,0.81
2758,0.729
2759,0.6561
2760,0.59049
2761,0
2762,0
2763,0
2764,0
2765,0
2766,0
2767,0
2768,0
2769,0
2770,0
2771,0
2772,0
2773,0
2774,0
2775,0
2776,0
2777,0
2778,0
2779,0
2780,0
2781,0
2782,0
2783,0
2784,0
2785,0
2786,0
2787,0
2788,0
2789,0
2790,0
2791,0
2792,0
2793,0
2794,28
2795,22.4
2796,15.68
2797,10.976
2798,7.1344
2799,4.63736
2800,3.014284
2801,1.9592846
2802,1.27353499
2803,0.8277977435
2804,0
2805,0
2806,0
2807,0
2808,0
2809,0
2810,0
2811,0
2812,0
2813,2.11596638655462
2814,1.11932843725726
2815,2.048
2816,1.6384
2817,1.77482125
2818,1.5085980625
2819,1.9131876
2820,1.72186884
2821,1.549681956
2822,1.3947137604
2823,1.25524238436
2824,1.129718145924
2825,1.0167463313316
2826,1.06816780450882
2827,0.972032702103031
2828,0.884549758913758
2829,0.80494028061152
2830,0.732495655356483
2831,0
2832,1.56
2833,1.2168
2834,1.024
2835,0.8192
2836,0.887410625
2837,0.75429903125
2838,0.9565938
2839,0.86093442
2840,0.774840978
2841,0
2842,0
2843,0
2844,0
2845,0
2846,0
2847,0
2848,0
2849,0
2850,0
2851,0
2852,0
2853,0
2854,0
2855,0
2856,0
2857,0
2858,0
2859,0
2860,0
2861,0
2862,0
2863,0
2864,0
2865,0
2866,0
2867,0
2868,0
2869,0
2870,1.8
2871,1.62
2872,1.458
2873,1.3122
2874,1.18098
2875,1.062882
2876,0.9565938
2877,0.86093442
2878,0.774840978
2879,0
2880,0
2881,0
2882,0
2883,0
2884,0
2885,0
2886,0
2887,0
2888,0
2889,0
2890,0
2891,0
2892,0
2893,0
2894,0
2895,0
2896,0
2897,0
2898,0
2899,0
2900,0
2901,0
2902,0
2903,0
2904,0
2905,0
2906,0
2907,0
2908,168.093
2909,165.235419
2910,162.426416877
2911,159.665167790091
2912,156.950859937659
2913,154.282695318719
2914,151.659889498301
2915,149.08167137683
2916,146.547282963424
2917,144.055979153046
2918,141.607027507444
2919,131.694535581923
2920,122.475918091188
2921,113.902603824805
2922,96.8172132510842
2923,82.2946312634216
2924,69.9504365739083
2925,59.4578710878221
2926,50.5391904246488
2927,0
2928,0
2929,0
2930,0
2931,0
2932,0
2933,0
2934,0
2935,0
2936,0
2937,0
2938,0
2939,0
2940,0
2941,0
2942,0
2943,0
2944,0
2945,0
2946,15.5063241106719
2947,13.358115968067
2948,11.5075153171549
2949,9.91329234535146
2950,7.986695625
2951,6.78869128125
2952,8.6093442
2953,7.74840978
2954,6.973568802
2955,6.2762119218
2956,5.64859072962
2957,5.083731656658
2958,3.02482033571151
2959,2.57109728535478
2960,2.18543269255157
2961,1.85761778866883
2962,1.57897512036851
2963,1.34212885231323
2964,1.14080952446625
2965,4.8
2966,4.32
2967,3.888
2968,3.4992
2969,3.14928
2970,2.834352
2971,2.5509168
2972,2.29582512
2973,2.066242608
2974,1.8596183472
2975,1.67365651248
2976,1.506290861232
2977,1.3556617751088
2978,1.22009559759792
2979,1.09808603783813
2980,0.988277434054316
2981,0.889449690648884
2982,0.800504721583996
2983,0.720454249425596
2984,0
2985,0
2986,0
2987,0
2988,0
2989,0
2990,0
2991,0
2992,0
2993,0
2994,0
2995,0
2996,0
2997,0
2998,0
2999,0
3000,0
3001,0
3002,0
3003,1.5
3004,1.35
3005,1.215
3006,1.0935
3007,0.98415
3008,0.885735
3009,0.7971615
3010,0.71744535
3011,0
3012,0
3013,0
3014,0
3015,0
3016,0
3017,0
3018,0
3019,0
3020,0
3021,0
3022,59.22
3023,55.6668
3024,52.88346
3025,50.239287
3026,47.72732265
3027,45.3409565175
3028,43.073908691625
3029,40.9202132570437
3030,38.8742025941915
3031,36.930492464482
3032,35.0839678412579
3033,33.329769449195
3034,29.9967925042755
3035,26.9971132538479
3036,24.2974019284631
3037,21.8676617356168
3038,19.6808955620551
3039,17.7128060058496
3040,15.9415254052647
3041,86.68
3042,85.3798
3043,84.099103
3044,82.837616455
3045,81.595052208175
3046,80.3711264250524
3047,79.1655595286766
3048,77.9780761357464
3049,76.8084049937102
3050,70.6637325942134
3051,65.0106339866764
3052,59.8097832677422
3053,50.2402179449035
3054,42.2017830737189
3055,35.4494977819239
3056,29.7775781368161
3057,25.0131656349255
3058,21.0110591333374
3059,17.6492896720034
3060,3.3
3061,2.97
3062,2.673
3063,2.4057
3064,2.16513
3065,1.948617
3066,1.7537553
3067,1.57837977
3068,1.420541793
3069,1.2784876137
3070,1.15063885233
3071,1.035574967097
3072,0.932017470387301
3073,0.83881572334857
3074,0.754934151013713
3075,0
3076,0
3077,0
3078,0
3079,8.76764705882353
3080,6.98833044982699
3081,5.632
3082,4.5056
3083,4.8807584375
3084,4.148644671875
3085,5.2612659
3086,4.73513931
3087,4.261625379
3088,3.8354628411
3089,3.45191655699
3090,3.106724901291
3091,2.7960524111619
3092,2.93746146239927
3093,2.67308993078333
3094,2.43251183701283
3095,2.21358577168168
3096,2.01436305223033
3097,1.8330703775296
3098,2.1
3099,1.89
3100,1.701
3101,1.5309
3102,1.37781
3103,1.240029
3104,1.1160261
3105,1.00442349
3106,0.903981141
3107,0.8135830269
3108,0.73222472421
3109,0
3110,0
3111,0
3112,0
3113,0
3114,0
3115,0
3116,0
3117,0
3118,0
3119,0
3120,0
3121,0
3122,0
3123,0
3124,0
3125,0
3126,0
3127,0
3128,0
3129,0
3130,0
3131,0
3132,0
3133,0
3134,0
3135,0
3136,1.11428571428571
3137,0.620816326530612
3138,1.458
3139,1.3122
3140,1.18098
3141,1.062882
3142,0.9565938
3143,0.86093442
3144,0.774840978
3145,0
3146,0
3147,0
3148,0
3149,0
3150,0
3151,0
3152,0
3153,0
3154,0
3155,3.9
3156,3.51
3157,3.159
3158,2.8431
3159,2.55879
3160,2.302911
3161,2.0726199
3162,1.86535791
3163,1.678822119
3164,1.5109399071
3165,1.35984591639
3166,1.223861324751
3167,1.1014751922759
3168,0.991327673048311
3169,0.892194905743479
3170,0.802975415169132
3171,0.722677873652218
3172,0
3173,0
3174,1.2
3175,1.08
3176,0.972
3177,0.8748
3178,0.78732
3179,0.708588
3180,0
3181,0
3182,0
3183,0
3184,0
3185,0
3186,0
3187,0
3188,0
3189,0
3190,0
3191,0
3192,0
3193,1.5
3194,1.35
3195,1.215
3196,1.0935
3197,0.98415
3198,0.885735
3199,0.7971615
3200,0.71744535
3201,0
3202,0
3203,0
3204,0
3205,0
3206,0
3207,0
3208,0
3209,0
3210,0
3211,0
3212,0
3213,0
3214,0
3215,0
3216,0
3217,0
3218,0
3219,0
3220,0
3221,0
3222,0
3223,0
3224,0
3225,0
3226,0
3227,0
3228,0
3229,0
3230,0
3231,214.08
3232,205.5168
3233,197.296128
3234,189.40428288
3235,181.8281115648
3236,174.554987102208
3237,160.590588134031
3238,147.743341083309
3239,135.923873796644
3240,125.049963892913
3241,115.04596678148
3242,105.842289438961
3243,94.1996376006755
3244,83.8376774646012
3245,74.6155329434951
3246,66.4078243197106
3247,59.1029636445425
3248,52.6016376436428
3249,46.8154575028421
3250,0
3251,0
3252,0
3253,0
3254,0
3255,0
3256,0
3257,0
3258,0
3259,0
3260,0
3261,0
3262,0
3263,0
3264,0
3265,0
3266,0
3267,0
3268,0
3269,1.28571428571429
3270,0.826530612244898
3271,1.458
3272,1.3122
3273,1.18098
3274,1.062882
3275,0.9565938
3276,0.86093442
3277,0.774840978
3278,0
3279,0
3280,0
3281,0
3282,0
3283,0
3284,0
3285,0
3286,0
3287,0
3288,0.9
3289,0.81
3290,0.729
3291,0.6561
3292,0.59049
3293,0
3294,0
3295,0
3296,0
3297,0
3298,0
3299,0
3300,0
3301,0
3302,0
3303,0
3304,0
3305,0
3306,0
3307,0.6
3308,0.54
3309,0.486
3310,0.4374
3311,0.39366
3312,0
3313,0
3314,0
3315,0
3316,0
3317,0
3318,0
3319,0
3320,0
3321,0
3322,0
3323,0
3324,0
3325,0
3326,0
3327,0
3328,0
3329,0
3330,0
3331,0
3332,0
3333,0
3334,0
3335,0
3336,0
3337,0
3338,0
3339,0
3340,0
3341,0
3342,0
3343,0
3344,0
3345,0
3346,0
3347,0
3348,0
3349,0
3350,0
3351,0
3352,0
3353,0
3354,0
3355,0
3356,0
3357,0
3358,0
3359,0
3360,0
3361,0
3362,0
3363,0
3364,0.6
3365,0.54
3366,0.486
3367,0.4374
3368,0.39366
3369,0
3370,0
3371,0
3372,0
3373,0
3374,0
3375,0
3376,0
3377,0
3378,0
3379,0
3380,0
3381,0
3382,0
3383,0
3384,0
3385,0
3386,0
3387,0
3388,0
3389,0
3390,0
3391,0
3392,0
3393,0
3394,0
3395,0
3396,0
3397,0
3398,0
3399,0
3400,0
3401,0
3402,6.33333333333333
3403,6.01666666666667
3404,5.71583333333333
3405,5.43004166666667
3406,5.15853958333333
3407,4.90061260416667
3408,4.65558197395833
3409,4.42280287526042
3410,4.20166273149739
3411,3.99157959492253
3412,3.7920006151764
3413,3.60240058441758
3414,3.4222805551967
3415,3.25116652743686
3416,3.08860820106502
3417,2.93417779101177
3418,2.78746890146118
3419,2.64809545638812
3420,2.51569068356872
3421,3.3
3422,2.97
3423,2.673
3424,2.4057
3425,2.16513
3426,1.948617
3427,1.7537553
3428,1.57837977
3429,1.420541793
3430,1.2784876137
3431,1.15063885233
3432,1.035574967097
3433,0.932017470387301
3434,0.83881572334857
3435,0.754934151013713
3436,0
3437,0
3438,0
3439,0
3440,0
3441,0
3442,0
3443,0
3444,0
3445,0
3446,0
3447,0
3448,0
3449,0
3450,0
3451,0
3452,0
3453,0
3454,0
3455,0
3456,0
3457,0
3458,0
3459,0
3460,0
3461,0
3462,0
3463,0
3464,0
3465,0
3466,0
3467,0
3468,0
3469,0
3470,0
3471,0
3472,0
3473,0
3474,0
3475,0
3476,0
3477,0
3478,2.27840909090909
3479,1.03822959710744
3480,2.56
3481,2.048
3482,2.2185265625
3483,1.885747578125
3484,2.3914845
3485,2.15233605
3486,1.937102445
3487,1.7433922005
3488,1.56905298045
3489,1.412147682405
3490,1.2709329141645
3491,1.33520975563603
3492,1.21504087762879
3493,1.1056871986422
3494,1.0061753507644
3495,0.915619569195604
3496,0.833213807968
3497,0
3498,0
3499,0
3500,0
3501,0
3502,0
3503,0
3504,0
3505,0
3506,0
3507,0
3508,0
3509,0
3510,0
3511,0
3512,0
3513,0
3514,0
3515,0
3516,2.1
3517,1.89
3518,1.701
3519,1.5309
3520,1.37781
3521,1.240029
3522,1.1160261
3523,1.00442349
3524,0.903981141
3525,0.8135830269
3526,0.73222472421
3527,0
3528,0
3529,0
3530,0
3531,0
3532,0
3533,0
3534,0
3535,7.6
3536,7.22
3537,6.859
3538,6.51605
3539,6.1902475
3540,5.880735125
3541,5.58669836875
3542,5.3073634503125
3543,5.04199527779687
3544,4.78989551390703
3545,4.55040073821168
3546,4.3228807013011
3547,2.57211401727415
3548,2.18629691468303
3549,1.85835237748057
3550,1.57959952085849
3551,1.34265959272972
3552,1.14126065382026
3553,0.970071555747219
3554,1.2
3555,1.08
3556,0.972
3557,0.8748
3558,0.78732
3559,0.708588
3560,0
3561,0
3562,0
3563,0
3564,0
3565,0
3566,0
3567,0
3568,0
3569,0
3570,0
3571,0
3572,0
3573,0
3574,0
3575,0
3576,0
3577,0
3578,0
3579,0
3580,0
3581,0
3582,0
3583,0
3584,0
3585,0
3586,0
3587,0
3588,0
3589,0
3590,0
3591,0
3592,1.5
3593,1.35
3594,1.215
3595,1.0935
3596,0.98415
3597,0.885735
3598,0.7971615
3599,0.71744535
3600,0
3601,0
3602,0
3603,0
3604,0
3605,0
3606,0
3607,0
3608,0
3609,0
3610,0
3611,1.2
3612,1.08
3613,0.972
3614,0.8748
3615,0.78732
3616,0.708588
3617,0
3618,0
3619,0
3620,0
3621,0
3622,0
3623,0
3624,0
3625,0
3626,0
3627,0
3628,0
3629,0
3630,0.6
3631,0.54
3632,0.486
3633,0.4374
3634,0.39366
3635,0
3636,0
3637,0
3638,0
3639,0
3640,0
3641,0
3642,0
3643,0
3644,0
3645,0
3646,0
3647,0
3648,0
3649,0.3
3650,0
3651,0
3652,0
3653,0
3654,0
3655,0
3656,0
3657,0
3658,0
3659,0
3660,0
3661,0
3662,0
3663,0
3664,0
3665,0
3666,0
3667,0
3668,0
3669,0
3670,0
3671,0
3672,0
3673,0
3674,0
3675,0
3676,0
3677,0
3678,0
3679,0
3680,0
3681,0
3682,0
3683,0
3684,0
3685,0
3686,0
3687,1.2
3688,1.08
3689,0.972
3690,0.8748
3691,0.78732
3692,0.708588
3693,0
3694,0
3695,0
3696,0
3697,0
3698,0
3699,0
3700,0
3701,0
3702,0
3703,0
3704,0
3705,0
3706,0
3707,0
3708,0
3709,0
3710,0
3711,0
3712,0
3713,0
3714,0
3715,0
3716,0
3717,0
3718,0
3719,0
3720,0
3721,0
3722,0
3723,0
3724,0
3725,0.9
3726,0.81
3727,0.729
3728,0.6561
3729,0.59049
3730,0
3731,0
3732,0
3733,0
3734,0
3735,0
3736,0
3737,0
3738,0
3739,0
3740,0
3741,0
3742,0
3743,0
3744,0.6
3745,0.54
3746,0.486
3747,0.4374
3748,0.39366
3749,0
3750,0
3751,0
3752,0
3753,0
3754,0
3755,0
3756,0
3757,0
3758,0
3759,0
3760,0
3761,0
3762,0
3763,0
3764,0
3765,0
3766,0
3767,0
3768,0
3769,0
3770,0
3771,0
3772,0
3773,0
3774,0
3775,0
3776,0
3777,0
3778,0
3779,0
3780,0
3781,0
3782,0
3783,0
3784,0
3785,0
3786,0
3787,0
3788,0
3789,0
3790,0
3791,0
3792,0
3793,0
3794,0
3795,0
3796,0
3797,0
3798,0
3799,0
3800,0
3801,0
3802,0
3803,0
3804,0
3805,0
3806,0
3807,0
3808,0
3809,0
3810,0
3811,0
3812,0
3813,0
3814,0
3815,0
3816,0
3817,0
3818,0
3819,0
3820,0
3821,0
3822,0
3823,0
3824,0
3825,0
3826,0
3827,0
3828,0
3829,0
3830,0
3831,0
3832,0
3833,0
3834,0
3835,0
3836,0
3837,0
3838,0
3839,0
3840,0
3841,0
3842,0
3843,0
3844,0
3845,0
3846,0
3847,0
3848,0
3849,0
3850,0
3851,0
3852,0
3853,0
3854,0
3855,0
3856,0
3857,0
3858,18.9
3859,17.01
3860,15.309
3861,13.7781
3862,9.3178115625
3863,7.920139828125
3864,10.0442349
3865,9.03981141
3866,8.135830269
3867,7.3222472421
3868,6.59002251789
3869,5.931020266101
3870,5.3379182394909
3871,5.60788097367133
3872,5.10317168604091
3873,4.64388623429723
3874,4.22593647321048
3875,3.84560219062154
3876,3.4994979934656
3877,2.1
3878,1.89
3879,1.701
3880,1.5309
3881,1.37781
3882,1.240029
3883,1.1160261
3884,1.00442349
3885,0.903981141
3886,0.8135830269
3887,0.73222472421
3888,0
3889,0
3890,0
3891,0
3892,0
3893,0
3894,0
3895,0
3896,0
3897,0
3898,0
3899,0
3900,0
3901,0
3902,0
3903,0
3904,0
3905,0
3906,0
3907,0
3908,0
3909,0
3910,0
3911,0
3912,0
3913,0
3914,0
3915,0
3916,0
3917,0
3918,0
3919,0
3920,0
3921,0
3922,0
3923,0
3924,0
3925,0
3926,0
3927,0
3928,0
3929,0
3930,0
3931,0
3932,0
3933,0
3934,13.9333333333333
3935,13.2366666666667
3936,12.5748333333333
3937,11.9460916666667
3938,11.3487870833333
3939,10.7813477291667
3940,10.2422803427083
3941,9.73016632557292
3942,9.24365800929427
3943,8.78147510882956
3944,8.34240135338808
3945,7.92528128571867
3946,4.71554236500261
3947,4.00821101025222
3948,3.40697935871439
3949,2.89593245490723
3950,2.46154258667114
3951,2.09231119867047
3952,1.7784645188699
3953,0
3954,0
3955,0
3956,0
3957,0
3958,0
3959,0
3960,0
3961,0
3962,0
3963,0
3964,0
3965,0
3966,0
3967,0
3968,0
3969,0
3970,0
3971,0
3972,0.6
3973,0.54
3974,0.486
3975,0.4374
3976,0.39366
3977,0
3978,0
3979,0
3980,0
3981,0
3982,0
3983,0
3984,0
3985,0
3986,0
3987,0
3988,0
3989,0
3990,0
3991,2.1
3992,1.89
3993,1.701
3994,1.5309
3995,1.37781
3996,1.240029
3997,1.1160261
3998,1.00442349
3999,0.903981141
4000,0.8135830269
4001,0.73222472421
4002,0
4003,0
4004,0
4005,0
4006,0
4007,0
4008,0
4009,0
4010,0
4011,0
4012,0
4013,0
4014,0
4015,0
4016,0
4017,0
4018,0
4019,0
4020,0
4021,0
4022,0
4023,0
4024,0
4025,0
4026,0
4027,0
4028,0
4029,0.9
4030,0.81
4031,0.729
4032,0.6561
4033,0.59049
4034,0
4035,0
4036,0
4037,0
4038,0
4039,0
4040,0
4041,0
4042,0
4043,0
4044,0
4045,0
4046,0
4047,0
4048,1.2
4049,1.08
4050,0.972
4051,0.8748
4052,0.78732
4053,0.708588
4054,0
4055,0
4056,0
4057,0
4058,0
4059,0
4060,0
4061,0
4062,0
4063,0
4064,0
4065,0
4066,0
4067,1.8
4068,1.62
4069,1.458
4070,1.3122
4071,1.18098
4072,1.062882
4073,0.9565938
4074,0.86093442
4075,0.774840978
4076,0
4077,0
4078,0
4079,0
4080,0
4081,0
4082,0
4083,0
4084,0
4085,0
4086,1.2
4087,1.08
4088,0.972
4089,0.8748
4090,0.78732
4091,0.708588
4092,0
4093,0
4094,0
4095,0
4096,0
4097,0
4098,0
4099,0
4100,0
4101,0
4102,0
4103,0
4104,0
4105,0
4106,0
4107,0
4108,0
4109,0
4110,0
4111,0
4112,0
4113,0
4114,0
4115,0
4116,0
4117,0
4118,0
4119,0
4120,0
4121,0
4122,0
4123,0
4124,0.6
4125,0.54
4126,0.486
4127,0.4374
4128,0.39366
4129,0
4130,0
4131,0
4132,0
4133,0
4134,0
4135,0
4136,0
4137,0
4138,0
4139,0
4140,0
4141,0
4142,0
4143,0
4144,0
4145,0
4146,0
4147,0
4148,0
4149,0
4150,0
4151,0
4152,0
4153,0
4154,0
4155,0
4156,0
4157,0
4158,0
4159,0
4160,0
4161,0
4162,0.3
4163,0
4164,0
4165,0
4166,0
4167,0
4168,0
4169,0
4170,0
4171,0
4172,0
4173,0
4174,0
4175,0
4176,0
4177,0
4178,0
4179,0
4180,0
4181,0
4182,0
4183,0
4184,0
4185,0
4186,0
4187,0
4188,0
4189,0
4190,0
4191,0
4192,0
4193,0
4194,0
4195,0
4196,0
4197,0
4198,0
4199,0
4200,0
4201,0
4202,0
4203,0
4204,0
4205,0
4206,0
4207,0
4208,0
4209,0
4210,0
4211,0
4212,0
4213,0
4214,0
4215,0
4216,0
4217,0
4218,0
4219,0
4220,0
4221,0
4222,0
4223,0
4224,0
4225,0
4226,0
4227,0
4228,0
4229,0
4230,0
4231,0
4232,0
4233,0
4234,0
4235,0
4236,0
4237,0
4238,0
4239,0
4240,0
4241,0
4242,0
4243,0
4244,0
4245,0
4246,0
4247,0
4248,0
4249,0
4250,0
4251,0
4252,0
4253,0
4254,0
4255,0
4256,0
