source,target
54b604dfa520e02948a0f3e0,54b604dfa520e02948a0f5ab
54b604dfa520e02948a0f3e0,54b604dfa520e02948a0f5ab
54b604dfa520e02948a0f3e0,54b604dfa520e02948a0f5ab
54b604dfa520e02948a0f3e0,54b604dfa520e02948a0f5ab
54b604dfa520e02948a0f3e0,54b604dfa520e02948a0f5ab
54b604dfa520e02948a0f3e0,54b604dfa520e02948a0f5ab
54b604dfa520e02948a0f3e0,54b604dfa520e02948a0f5ab
54b604dfa520e02948a0f3e0,54b604dfa520e02948a0f5ab
54b604dfa520e02948a0f3e0,54b604dfa520e02948a0f5ab
54b604dfa520e02948a0f3e0,54b604dfa520e02948a0f5ab
54b604dfa520e02948a0f3e0,54b604dfa520e02948a0f5ab
54b604dfa520e02948a0f3e0,54b604dfa520e02948a0f5ab
54b604dfa520e02948a0f3e0,54b604dfa520e02948a0f5ab
54b604dfa520e02948a0f3e0,54b604dfa520e02948a0f5ab
54b604dfa520e02948a0f3e0,54b604dfa520e02948a0f5ab
54b604dfa520e02948a0f3bf,54b604dfa520e02948a0f5ab
54b604dfa520e02948a0f3bf,54b604dfa520e02948a0f5ab
54b604dfa520e02948a0f3bf,54b604dfa520e02948a0f5ab
54b604dfa520e02948a0f43f,54b604dfa520e02948a0f43f
54b604dfa520e02948a0f43f,54b604dfa520e02948a0f43f
54b604dfa520e02948a0f43f,54b604dfa520e02948a0f43f
54b604dfa520e02948a0f42b,54b604dfa520e02948a0f43f
54b604dfa520e02948a0f42b,54b604dfa520e02948a0f43f
54b604dfa520e02948a0f42d,54b604dfa520e02948a0f43f
54b604dfa520e02948a0f42e,54b604dfa520e02948a0f43f
54b604dfa520e02948a0f4be,54b604dfa520e02948a0f4ba
54b604dfa520e02948a0f4be,54b604dfa520e02948a0f4ba
54b604dfa520e02948a0f4be,54b604dfa520e02948a0f4ba
54b604dfa520e02948a0f4be,54b604dfa520e02948a0f4ba
54b604dfa520e02948a0f4be,54b604dfa520e02948a0f4ba
54b604dfa520e02948a0f4be,54b604dfa520e02948a0f4ba
54b604dfa520e02948a0f4be,54b604dfa520e02948a0f4ba
54b604dfa520e02948a0f4be,54b604dfa520e02948a0f4ba
54b604dfa520e02948a0f4be,54b604dfa520e02948a0f4ba
54b604dfa520e02948a0f4be,54b604dfa520e02948a0f4ba
54b604dfa520e02948a0f4be,54b604dfa520e02948a0f4ba
54b604dfa520e02948a0f4be,54b604dfa520e02948a0f4ba
54b604dfa520e02948a0f4be,54b604dfa520e02948a0f4ba
54b604dfa520e02948a0f4be,54b604dfa520e02948a0f4ba
54b604dfa520e02948a0f4ba,54b604dfa520e02948a0f4be
54b604dfa520e02948a0f4ba,54b604dfa520e02948a0f4be
54b604dfa520e02948a0f4ba,54b604dfa520e02948a0f4be
54b604dfa520e02948a0f4ba,54b604dfa520e02948a0f4be
54b604dfa520e02948a0f4ba,54b604dfa520e02948a0f4be
54b604dfa520e02948a0f4ba,54b604dfa520e02948a0f4be
54b604dfa520e02948a0f4ba,54b604dfa520e02948a0f4be
54b604dfa520e02948a0f4ba,54b604dfa520e02948a0f4be
54b604dfa520e02948a0f4ba,54b604dfa520e02948a0f4be
54b604dfa520e02948a0f4ba,54b604dfa520e02948a0f4be
54b604dfa520e02948a0f4ba,54b604dfa520e02948a0f4be
54b604dfa520e02948a0f4ba,54b604dfa520e02948a0f4be
54b604dfa520e02948a0f4ba,54b604dfa520e02948a0f4be
54b604dfa520e02948a0f4ba,54b604dfa520e02948a0f4be
54b604dfa520e02948a0f4be,54b604dfa520e02948a0f4ba
54b604dfa520e02948a0f5a6,54b604dfa520e02948a0f5ab
54b604dfa520e02948a0f5a6,54b604dfa520e02948a0f5ab
54b604dfa520e02948a0f5a6,54b604dfa520e02948a0f5ab
54b604dfa520e02948a0f3dd,54b604dfa520e02948a0f3de
